yglob,xglob,hdop,lambert93_yglob,lambert93_xglob,lambert93_zloc,yloc,lambert93_yloc,lambert93_zglob,long,lambert93_lat,xloc,time,lat,zglob,alt,zloc,lambert93_xloc,sat
301606.35174132866,4242761.189385649,110.0,260080.93634333785,3658614.2713697623,-43652.006147239175,-13.871764175406245,745659.07273434289,5200655.40301169,4.066161,54.98719542727415,-25.964609069410699,1465912413,48.269878,4736983.324302393,116.0,115.99993214814729,-22.389779921999434,9.0
301606.70247494546,4242767.170175463,110.0,260081.23864738562,3658619.426746203,-43643.067927139789,-13.871783431567348,745660.12545339752,5200662.774226248,4.06616,54.98719542727415,-26.038882761550386,1465912413,48.269878,4736990.040897533,125.0,124.99993184635397,-22.453827537807229,9.0
301606.2776911765,4242761.194649673,120.0,260080.87248847273,3658614.2759090303,-43652.006147499626,-13.871763837484101,745659.07273463497,5200655.40301169,4.06616,54.98719542727415,-26.038846088374328,1465912413,48.269878,4736983.324302393,116.0,115.99993184675212,-22.453795925888699,8.0
301606.89126773167,4242769.825964704,120.0,260081.40138468024,3658621.716007169,-43639.095384757369,-13.871792141593758,745660.59332840319,5200666.050321608,4.06616,54.98719542727415,-26.038899060814899,1465912413,48.269878,4736993.026050928,129.0,128.99993184630708,-22.45384158755769,8.0
301606.60807855235,4242765.842280843,120.0,260081.1572787383,3658618.28211572,-43645.054198330712,-13.871779077557385,745659.89151589491,5200661.136178569,4.06616,54.98719542727415,-26.038874611984173,1465912413,48.269878,4736988.548320835,123.0,122.99993184664828,-22.453820512942912,8.0
301606.53133529116,4242764.762716674,120.0,260081.10482075188,3658617.5441778004,-43646.982241240039,-14.205368464602588,745659.16318481741,5200659.212507234,4.06616,54.98719095561589,-26.038867986432734,1465912413,48.269875,4736986.833696534,121.0,120.99993111178873,-22.453815984037647,8.0
301606.4369388925,4242763.434821976,120.0,260081.0234520955,3658616.39954719,-43648.968512449312,-14.205364005570789,745658.92924746976,5200657.574459644,4.06616,54.98719095561589,-26.038859836834614,1465912413,48.269875,4736985.341119906,119.0,118.99993111200855,-22.453808959144226,8.0
301606.75750565197,4242771.085142632,120.0,260081.31796223696,3658623.2508908142,-43637.966383831961,-14.650179792873519,745659.55671144789,5200666.202889293,4.066157,54.98718499340534,-26.261618266957953,1465912413,48.269871,4736993.254227449,130.0,129.99992919246424,-22.645899406124954,8.0
301606.6362571705,4242770.4264592575,120.0,260081.2134229209,3658622.683114696,-43638.959519711985,-14.65017715016049,745659.43974317308,5200665.383865559,4.066156,54.98718499340534,-26.335851337239632,1465912413,48.269871,4736992.507939182,129.0,128.99992888706154,-22.709912014252041,8.0
301606.16427560383,4242763.786985214,120.0,260080.80657997815,3658616.9599607657,-43648.890875880476,-14.650154155732675,745658.27005746739,5200657.193628205,4.066156,54.98718499340534,-26.335810124538913,1465912413,48.269871,4736985.045056507,119.0,118.99992888719842,-22.709876489345334,8.0
301606.5182002023,4242768.765724535,120.0,260081.12991756687,3658621.5084255347,-43641.861288932545,-15.094962255954297,745658.42964560247,5200662.54596247,4.066156,54.98717903119527,-26.335841028676633,1465912413,48.269867,4736989.973010632,126.0,125.99992784887478,-22.709904722694773,8.0
301605.8981182616,4242762.136778007,120.0,260080.59536478046,3658615.7943492816,-43651.79264575227,-15.094937876097617,745657.25996152381,5200654.355725713,4.066154,54.98717903119527,-26.484273885683109,1465912413,48.269867,4736982.510128422,116.0,115.99992723605837,-22.837901257764315,8.0
301606.0095459527,4242765.798150545,120.0,260080.7096237539,3658619.207261727,-43646.74933064478,-15.53974068429801,745657.18561315187,5200658.070012476,4.066152,54.98717306898559,-26.632770872550243,1465912413,48.269863,4736985.945505989,121.0,120.99992554860064,-22.965954684426833,8.0
301619.84181312565,4242783.445263362,120.0,260093.76908032488,3658650.342883814,-43644.915326693212,-43.116847167384094,745615.96491406183,5200632.001341104,4.066321,54.98680341289753,-14.086762732311479,1465912413,48.269615,4736965.350665903,118.0,117.99983857649192,-12.147341471820255,8.0
301619.3896706612,4242782.31966789,120.0,260093.16923814028,3658646.4189683036,-43641.835564372479,-38.001768682907326,745624.01343508123,5200639.657002253,4.066316,54.98687197800447,-14.457945922371175,1465912413,48.269661,4736971.740553285,122.0,121.99987031006484,-12.467411262019596,8.0
301611.8812970123,4242775.111069712,110.0,260086.3798213825,3658635.7748543904,-43646.154181762373,-30.329075411617158,745635.03357875522,5200643.769303041,4.066222,54.98697482578033,-21.436222875866388,1465912413,48.26973,4736974.608807015,119.0,118.99989185563192,-18.484913726984814,9.0
301608.47683731624,4242771.19159469,110.0,260083.25246735266,3658629.699522444,-43647.962498422246,-25.658747992092884,745641.83811689133,5200646.949019377,4.06618,54.98703742884219,-24.554164174622958,1465912413,48.269772,4736976.971192944,118.0,117.99990115751179,-21.173565634184342,9.0
301609.35908989585,4242765.804397962,90.0,260083.72124025165,3658620.9462744715,-43649.204675433459,-18.542090244889902,745652.38515741692,5200653.042328764,4.066197,54.987132824082764,-23.292102764455148,1465912413,48.269836,4736981.708212924,118.0,117.99993056860572,-20.085241322645743,9.0
301622.21353707503,4242773.884363526,100.0,260095.11608231874,3658632.2771910746,-43642.91915063659,-26.103602108313559,745641.7637201082,5200650.663298304,4.066362,54.98703146664359,-11.043004063081863,1465912413,48.269768,4736980.406564354,123.0,122.9999369819306,-9.5226123765532975,9.0
301621.6715224979,4242773.588371685,80.0,260094.66695886082,3658632.2789046424,-43643.834651702353,-26.548388696806676,745640.98756477493,5200649.46344378,4.066355,54.98702550444549,-11.562663972958667,1465912413,48.269764,4736979.364213131,122.0,121.99993422611257,-9.9707266391196754,10.0
301618.8351641138,4242778.707236031,320.0,260092.30772315207,3658637.911399791,-43638.500209022714,-28.661164468678276,745638.4412443199,5200651.749599139,4.066312,54.98699718401082,-14.754882897995246,1465912413,48.269745,4736981.68934211,127.0,126.99991849814285,-12.723447927361121,5.0
301624.16593904054,4242770.987919573,100.0,260096.90473469035,3658631.257281465,-43649.424695669462,-28.661127149677679,745637.15461536299,5200642.740358738,4.066391,54.98699718401082,-8.8901177865736152,1465912413,48.269745,4736973.480187269,116.0,115.99992934807649,-7.6661368024360854,9.0
301626.3456409195,4242779.663840731,100.0,260099.01237379978,3658641.9463449763,-43641.502306846669,-34.221058143862365,745629.73349677783,5200643.713103084,4.066412,54.98692265660132,-7.3311515262604514,1465912413,48.269695,4736975.003389102,123.0,122.99990388978281,-6.3218127299041953,8.0
301620.23083158216,4242783.682913196,140.0,260093.78956802448,3658646.117217694,-43637.316277011269,-35.444246005605521,745628.38859057182,5200645.941896407,4.066326,54.986906260581016,-13.715576470302555,1465912413,48.269684,4736977.174355726,127.0,126.99988668781045,-11.8272446461051,8.0
301626.20047518075,4242785.996972096,100.0,260099.23397241178,3658652.285453971,-43640.02726844784,-42.672101128701122,745617.20890235796,5200636.477274045,4.066404,54.98680937507827,-7.9250621994642589,1465912413,48.269619,4736969.378157424,123.0,122.99985218190346,-6.8339640390040586,9.0
301631.9119346367,4242784.679282117,100.0,260104.03586499486,3658649.4158038152,-43638.565015840839,-39.669774203973638,745621.89234885504,5200640.685939369,4.066482,54.98684961981065,-2.1345386644827267,1465912413,48.269646,4736972.8691672515,125.0,124.99987614274542,-1.8406610818492481,9.0
301619.19768143183,4242780.665926097,140.0,260092.98546161904,3658644.7366161435,-43643.899470735829,-37.556964995322247,745624.43869792391,5200638.39979394,4.066315,54.986877940190574,-14.532177642910575,1465912413,48.269665,4736970.544046281,120.0,119.99987277922335,-12.53142206283519,8.0
301621.8028085572,4242785.904110982,120.0,260095.19984110474,3658648.802365226,-43635.097099871185,-36.778636946013847,745626.64494507271,5200646.437438316,4.066345,54.98688837401742,-12.305072076128225,1465912413,48.269672,4736977.778732967,129.0,128.99988199658424,-10.610937773381011,9.0
301620.5582906149,4242787.242254426,120.0,260094.15858951118,3658650.4053388136,-43633.968106605484,-37.557026144843739,745625.60832850751,5200646.590000545,4.066327,54.986877940190574,-13.641350503363562,1465912413,48.269665,4736978.006905025,130.0,129.99987474289875,-11.763241873537481,9.0
301620.18019597256,4242784.017547043,130.0,260093.80067288422,3658647.1761968485,-43638.076511152052,-36.778616229418844,745626.29405771627,5200643.980376021,4.066325,54.98688837401742,-13.789814968456479,1465912413,48.269672,4736975.539875099,126.0,125.99987896515169,-11.891264647463686,8.0
301628.99368037196,4242786.552392932,130.0,260101.5741274638,3658651.801005723,-43637.338980988097,-41.004154434988237,745620.03174528049,5200640.36245955,4.066441,54.98683173326032,-5.1782765264631472,1465912413,48.269634,4736972.727257719,126.0,125.99986595307749,-4.4653461836278439,8.0
301628.8347916718,4242784.317425954,100.0,260101.31391562705,3658648.140802941,-43637.86300705497,-38.001808525828693,745624.4812738765,5200642.9330846565,4.066441,54.98687197800447,-5.1782737987426497,1465912413,48.269661,4736974.725696597,126.0,125.99988456750303,-4.4653417163572158,9.0
301634.65387749276,4242778.232505947,130.0,260106.31371662035,3658642.6386619695,-43645.885729049951,-37.556971633625992,745624.20475553628,5200636.7617526185,4.066525,54.986877940190574,1.0576705433092011,1465912413,48.269665,4736969.051474533,118.0,117.99988921642485,0.91205298400018364,8.0
301641.2107955773,4242782.525917136,110.0,260111.86278651113,3658644.862562481,-43636.400765957223,-34.999471275453068,745629.16473415506,5200647.141750564,4.066609,54.9869122227698,7.2936161393225705,1465912413,48.269688,4736978.216706712,128.0,127.99989970319071,6.2894459130475298,8.0
301623.7615954595,4242783.097383706,100.0,260096.85249070064,3658645.869254552,-43638.231773323736,-35.88903989257269,745627.61243059882,5200644.742042342,4.066374,54.9869002983927,-10.15217914453692,1465912413,48.26968,4736976.1320048105,126.0,125.99989085337239,-8.7544490110303741,8.0
301620.71792804863,4242780.065666024,120.0,260094.12295552957,3658641.779162706,-43640.664447281633,-33.331469763613221,745631.16884903389,5200645.293789973,4.066336,54.986934580981966,-12.973191293811217,1465912413,48.269703,4736976.341804585,124.0,123.9998996415322,-11.187065778067335,7.0
301617.15700330946,4242782.320726579,200.0,260091.05224571066,3658643.723092867,-43637.685046325118,-33.331475800703259,745631.51975005202,5200647.750853656,4.066286,54.986934580981966,-16.685067392999891,1465912413,48.269703,4736978.580663533,127.0,126.9998910278169,-14.387897486114525,6.0
301616.1931327995,4242777.1374944905,200.0,260090.15273149533,3658638.292045457,-43643.934994232775,-31.663473982877683,745633.28992719296,5200644.264848667,4.066278,54.98695693920067,-17.278945313976941,1465912413,48.269718,4736975.213187233,121.0,120.99989795882323,-14.900007453354192,6.0
301624.4963460142,4242775.635561507,100.0,260097.18954251445,3658635.2635067934,-43642.472743668011,-28.661158639540439,745637.97337256884,5200648.47351172,4.066391,54.98699718401082,-8.8901275250409224,1465912413,48.269745,4736978.704194895,123.0,122.99992934773604,-7.6661451969193877,8.0
301621.79435934295,4242775.316261193,100.0,260095.0878129928,3658638.1988665164,-43648.454265307744,-34.221013530830803,745628.91475466255,5200637.979955326,4.066355,54.98692265660132,-11.562668681846517,1465912413,48.269695,4736969.7793855425,116.0,115.99989763396836,-9.9707427725661546,8.0
301625.08211804176,4242782.82838461,100.0,260098.16467304685,3658648.077341534,-43642.459932618644,-40.114534517526359,745620.76531449589,5200637.029024788,4.066392,54.98684365762675,-8.815905188770925,1465912413,48.269642,4736969.58795983,121.0,120.99986763302212,-7.6021554422331974,9.0
301625.68850002397,4242786.123551364,100.0,260098.6509736288,3658650.4040595144,-43636.656381254834,-39.224988744981246,745622.78546894854,5200642.704813527,4.066397,54.98685558199501,-8.4447247056230683,1465912413,48.26965,4736974.65780362,127.0,126.99987367248485,-7.2820770495673059,8.0
301630.63713833847,4242787.685225883,100.0,260103.02324372044,3658653.2269344577,-43636.209985650676,-41.782548171561587,745618.99512534705,5200640.515021083,4.066462,54.98682129944122,-3.6192903288364144,1465912413,48.269627,4736972.955429197,127.0,126.99986196917294,-3.1209971422431408,9.0
301621.0754257884,4242781.953734914,140.0,260094.5361782501,3658644.8834993504,-43640.218049734227,-35.889023405147086,745627.37850782904,5200643.104000574,4.066339,54.9869002983927,-12.750484919270246,1465912413,48.26968,4736974.639432713,124.0,123.99988619659544,-10.995025650838215,8.0
301626.05998315924,4242784.020759219,100.0,260098.7842028731,3658645.9588288385,-43635.465856165429,-34.665881776592627,745629.77609137283,5200648.246396508,4.066404,54.98691669441172,-7.9250585081585569,1465912413,48.269691,4736979.185041541,129.0,128.99990077514292,-6.8339522215683246,9.0
301625.2000692514,4242779.253091111,120.0,260097.85107034602,3658639.152303852,-43638.267293506848,-29.995553502369749,745636.46366164437,5200650.607100725,4.066397,54.986979297425876,-8.4447110308344051,1465912413,48.269733,4736980.80114849,127.0,126.99992381078953,-7.2820546543589444,6.0
301631.3021227317,4242784.476543046,100.0,260103.42328318488,3658648.0210617194,-43636.947503283438,-37.557024132046067,745625.25742524862,5200644.132938563,4.066474,54.986877940190574,-2.7284381829080431,1465912413,48.269665,4736975.768047402,127.0,126.99988872047525,-2.3527933162258705,9.0
301629.99851380964,4242792.31158792,140.0,260102.6139465016,3658659.205362869,-43632.628922384494,-45.229707189727534,745614.23729459941,5200640.020619213,4.066449,54.986775092545244,-4.5843828868910821,1465912413,48.269596,4736972.899778555,130.0,129.99983781005434,-3.9532207608426688,7.0
301627.2810745202,4242787.587542118,100.0,260100.18401846447,3658653.913331925,-43637.963361802089,-43.116907698421301,745616.78363641014,5200637.734480503,4.066417,54.98680341289753,-6.959977741121671,1465912413,48.269615,4736970.574662956,125.0,124.99985031160139,-6.0017498575907666,9.0
301612.344642601,4242818.2719171345,5000.0,260088.81871243,3658701.681000682,-43628.540714358307,-80.034626767984776,745562.42200461857,5200608.5822533965,4.066187,54.98630855351698,-24.034770714646683,1465912413,48.269283,4736948.240019941,128.0,127.99945210292252,-20.725859648133337,0.0
301598.05094281223,4242803.557227403,310.0,260075.77663252168,3658678.916510552,-43635.560222461412,-62.576426357462665,745587.82730541984,5200620.253972066,4.066009,54.98654256794475,-37.249000881876924,1465912413,48.26944,4736956.875507,124.0,123.99958412886637,-32.120773999908124,3.0
301627.3378416153,4242787.3391622,120.0,260100.10972565456,3658651.9655528725,-43635.507976377863,-40.114581250190845,745621.58405078098,5200642.762167009,4.066418,54.98684365762675,-6.8857398423073723,1465912413,48.269642,4736974.81195908,128.0,127.99987000514821,-5.9377299861007486,7.0
301624.3553423581,4242786.214834129,100.0,260097.57439818472,3658651.510140299,-43638.332121971449,-41.004141959290052,745619.91478804138,5200639.543439352,4.066379,54.98683173326032,-9.7809992825580636,1465912413,48.269634,4736971.980972204,125.0,124.99986056521908,-8.4343791989304009,9.0
301621.92785925843,4242781.381738215,110.0,260095.4994999041,3658647.600936421,-43646.199582619192,-41.448877884371306,745618.31990354671,5200632.610444856,4.066351,54.986825771077825,-11.859634713413506,1465912413,48.26963,4736965.7146234,117.0,116.99985416771641,-10.226834754867014,8.0
301625.66618081206,4242788.950270144,100.0,260098.85990085412,3658656.0511852363,-43637.672240858104,-44.78487503498129,745614.31168013555,5200636.3063546745,4.066394,54.98678105472378,-8.6674428788993048,1465912413,48.2696,4736969.464418448,125.0,124.99983671819257,-7.474138522746216,9.0
301617.68478087324,4242786.604104606,110.0,260091.85417527583,3658652.295316495,-43639.189412130305,-41.782505871651381,745618.64425805782,5200638.057960803,4.066289,54.98682129944122,-16.462371873547813,1465912413,48.269627,4736970.716572898,124.0,123.99984178895416,-14.195881212384847,8.0
301620.3139397347,4242790.086507349,100.0,260094.13953246124,3658655.553907671,-43634.1460923298,-42.22733722218728,745618.56987442018,5200641.772227595,4.066321,54.98681533725954,-14.086784782374401,1465912413,48.269623,4736974.151934775,129.0,128.99984453336717,-12.14735877331259,9.0
301623.9267367391,4242785.420339385,100.0,260097.01310031244,3658648.128465639,-43635.174730631523,-36.333848989838465,745627.30413143651,5200646.818271668,4.066374,54.986894336204806,-10.152184702943281,1465912413,48.269676,4736978.074797972,129.0,128.99988833091763,-8.7544544169213623,9.0
301622.4818797248,4242789.174897472,100.0,260096.15052149954,3658656.7585673793,-43638.510116711943,-45.674445942104605,745612.8763462319,5200634.725667845,4.066351,54.986769130367165,-11.859656497172315,1465912413,48.269592,4736968.1260028845,124.0,123.99982527471572,-10.226860352733638,9.0
301621.1938566946,4242781.525848913,130.0,260094.68852585676,3658645.220976202,-43641.990828521433,-37.112189670553931,745625.33180967986,5200640.418668241,4.066341,54.98688390237715,-12.602008882381845,1465912413,48.269669,4736972.332682751,122.0,121.99987948377425,-10.866993572795764,7.0
301623.2206776856,4242788.051323677,100.0,260096.5091793991,3658651.87321433,-43633.735201015195,-38.891408571772317,745623.63075377315,5200645.447500009,4.066362,54.98686005363362,-11.043040936507706,1465912413,48.269653,4736977.118709608,130.0,129.99987175565644,-9.522663380666927,9.0
301626.00627391884,4242790.59348454,110.0,260099.17139127752,3658657.724459807,-43635.608335138939,-45.229681479929226,745613.88641400775,5200637.563560321,4.066397,54.986775092545244,-8.444733602457795,1465912413,48.269596,4736970.660923337,127.0,126.99983387428088,-7.2820916198688792,9.0
301621.82190542476,4242792.454162729,120.0,260096.01498077245,3658665.6852176855,-43643.618326343545,-56.238188405129861,745596.4019186215,5200619.947735388,4.066339,54.98662752877434,-12.750516475368448,1465912413,48.269497,4736955.870459384,117.0,116.99973907104199,-10.995088164534536,8.0
301618.16817736626,4242791.310095731,100.0,260092.5676115999,3658660.5254961285,-43638.921020613852,-49.010366051683079,745607.81548184808,5200631.050396001,4.066291,54.986724414046314,-16.313915058265543,1465912413,48.269562,4736965.159228225,123.0,122.99979066815796,-14.067879534391977,9.0
301618.4924455465,4242795.871499395,130.0,260092.91559849033,3658665.4205452683,-43633.664218661208,-50.678374961405027,745605.92832752131,5200633.717363805,4.066291,54.98670205589574,-16.313932597309758,1465912413,48.269547,4736967.780405441,128.0,127.99977761932907,-14.067898356275691,8.0
301623.98251126445,4242783.064207406,100.0,260097.40817353848,3658650.9774689986,-43646.610470414977,-44.784809712765536,745613.25902779156,5200628.935177462,4.066377,54.98678105472378,-9.9294668381944504,1465912413,48.2696,4736962.747852375,116.0,115.99983488270335,-8.5624112766017788,10.0
301621.16209134733,4242785.266631964,110.0,260094.97601278062,3658652.8760134256,-43643.631065664529,-44.784824853497348,745613.6099176259,5200631.392236533,4.066337,54.98678105472378,-12.898969756536793,1465912413,48.2696,4736964.986707732,119.0,118.999829577794,-11.123083029538975,9.0
301620.78411974985,4242782.043662438,100.0,260094.58168430426,3658649.134689394,-43646.901597582422,-43.116836106546273,745615.73098801612,5200630.363301275,4.066335,54.98680341289753,-13.047434725679896,1465912413,48.269615,4736963.858095315,116.0,115.99984078263286,-11.251104882991058,10.0
301625.3998912073,4242787.298313041,100.0,260098.68508940918,3658655.3977327636,-43641.411889508134,-46.119221590083498,745611.86626911059,5200631.8877757,4.066392,54.98676316818952,-8.8159144766822486,1465912413,48.269588,4736965.591082689,121.0,120.99982699627863,-7.6021706529645598,10.0
301625.551792256,4242784.200565879,110.0,260098.8298436784,3658652.9201163133,-43646.319347292614,-46.452779421504545,745610.78707154689,5200627.507053279,4.066397,54.98675869655663,-8.4447208781773355,1465912413,48.269585,4736961.637609111,116.0,115.99982507354946,-7.2820820574415848,9.0
301617.7021872981,4242786.848956781,110.0,260091.95590816945,3658653.7263697125,-43640.806928659076,-43.895253354085852,745615.27918730793,5200634.610962401,4.066289,54.9867929790823,-16.462372823578782,1465912413,48.269608,4736967.817693256,122.0,121.99982758176266,-14.195886765002797,9.0
301618.1547192555,4242780.65163414,110.0,260092.1910819482,3658646.2011571024,-43646.432488990096,-40.114494879376373,745620.29747634265,5200633.752943519,4.066301,54.98684365762675,-15.571500554408782,1465912413,48.269642,4736966.602817401,117.0,116.99985474251314,-13.427658893386251,9.0
301615.523096604,4242785.509854353,110.0,260089.92166481336,3658650.388976113,-43639.480541628946,-40.114530066782166,745621.11622258357,5200639.486085739,4.066261,54.98684365762675,-18.541015758768818,1465912413,48.269642,4736971.826816651,124.0,123.99984681609313,-15.988339349300077,9.0
301625.8584146294,4242788.513637347,110.0,260099.1489274111,3658657.4084741855,-43641.12076840589,-47.787190773106516,745609.3943130027,5200630.4596501,4.066397,54.986740810027605,-8.4447294627966603,1465912413,48.269573,4736964.480838296,121.0,120.99981520448746,-7.2820909909714828,9.0
301624.2835028935,4242779.969845969,110.0,260097.3893462702,3658644.3933218564,-43644.814965011166,-38.001761358999794,745623.66253653157,5200637.1999404505,4.066384,54.98687197800447,-9.4097981061811922,1465912413,48.269661,4736969.5016958015,119.0,118.99987973781531,-8.1142801012465497,8.0
301616.57575079973,4242782.519708511,100.0,260090.74273188837,3658646.5914678215,-43641.835570413052,-38.001760828822356,745624.01344185381,5200639.657002253,4.066278,54.98687197800447,-17.278967233330214,1465912413,48.269661,4736971.740553285,122.0,121.99986330495074,-14.900041253240488,10.0
301619.32224408066,4242780.324291538,100.0,260093.07462369214,3658644.185284945,-43643.977104228768,-37.112173802633457,745625.09788661404,5200638.780626801,4.066317,54.98688390237715,-14.383701772567807,1465912413,48.269669,4736970.840110909,120.0,119.99987572147305,-12.403387126061716,10.0
301619.2513819906,4242779.327497702,140.0,260093.0317999851,3658643.5828978694,-43645.885742933751,-37.556953581906697,745624.20477110264,5200636.7617526185,4.066317,54.986877940190574,-14.383698393283254,1465912413,48.269665,4736969.051474533,118.0,117.99987311596833,-12.403385083904141,8.0
301618.7186884528,4242780.209537366,110.0,260092.36244978965,3658641.389540636,-43639.826584114562,-32.441886237144956,745632.60419744882,5200646.8744769925,4.066309,54.98694650536445,-14.977600163629933,1465912413,48.269711,4736977.680220164,125.0,124.99989985094069,-12.915509446225769,8.0
301624.07949121593,4242787.569056411,140.0,260097.33649426835,3658652.67747863,-43636.345849795114,-41.00415418131206,745620.14871349616,5200641.181479747,4.066374,54.98683173326032,-10.152189844361692,1465912413,48.269634,4736973.473543233,127.0,126.99985998626865,-8.7544653018485405,8.0
301616.9159636259,4242784.164659673,110.0,260091.01780735212,3658647.752556196,-43638.933794897435,-37.556987474246853,745625.02352019644,5200642.494897242,4.066281,54.986877940190574,-17.056261700748884,1465912413,48.269665,4736974.275475653,125.0,124.99986654032736,-14.707996239441854,9.0
301618.8524293154,4242784.1846524505,100.0,260092.87937865942,3658650.46657554,-43643.084321721559,-42.227274908108619,745617.51721724856,5200634.401047292,4.066307,54.98681533725954,-15.126089028567163,1465912413,48.269623,4736967.435366297,120.0,119.99984215868371,-13.043574755007285,10.0
301620.1518652499,4242786.759752069,110.0,260094.03636751557,3658653.1999479006,-43639.949644573317,-43.116881187091558,745616.54972368642,5200636.096440675,4.066322,54.98680341289753,-14.012536273136849,1465912413,48.269615,4736969.08209237,123.0,122.99983873858686,-12.083334274924709,9.0
301628.7829273417,4242786.728523948,110.0,260101.51107230198,3658653.6222984362,-43639.813775924915,-43.895281459558888,745615.39613078837,5200635.4299822105,4.066438,54.9867929790823,-5.4009891961623433,1465912413,48.269608,4736968.563978468,123.0,122.99984650434868,-4.6573985332579468,9.0
301630.4227047607,4242788.856459745,100.0,260103.08480772158,3658657.703878845,-43640.127628105365,-47.787203183832723,745609.51126964018,5200631.278669388,4.066458,54.986740810027605,-3.9162414314240062,1465912413,48.269573,4736965.227123102,122.0,121.99981958471695,-3.3770680955567514,10.0
301629.1575880502,4242788.857958072,100.0,260102.09886031033,3658659.182025159,-43642.660655606094,-50.344730750135525,745605.37005832384,5200626.631818899,4.066441,54.986706527525314,-5.1782793404137593,1465912413,48.26955,4736961.285893857,119.0,118.99979899034867,-4.4653551920564496,10.0
301624.3251676559,4242793.118651486,110.0,260098.0001271307,3658663.817982873,-43638.39699648333,-52.012724535845891,745603.36595059582,5200628.479767681,4.066372,54.986684169379934,-10.300678292342887,1465912413,48.269535,4736963.160786451,123.0,122.99977938838333,-8.8825257123899064,8.0
301622.9321792939,4242796.555964566,100.0,260096.76232369387,3658666.267286753,-43632.593442097343,-51.123185957766495,745605.3860897572,5200634.155548497,4.06635,54.98669609372334,-11.93391476961367,1465912413,48.269543,4736968.230624197,129.0,128.99978374553061,-10.290903848035668,10.0
301619.7766973693,4242791.951492632,110.0,260093.84967165344,3658659.601511636,-43635.394855812228,-46.452846780441703,745612.07365561638,5200636.51626741,4.066312,54.98675869655663,-14.754928956811247,1465912413,48.269585,4736969.846743505,127.0,126.99981361799382,-12.72352335787582,8.0
301618.90613010473,4242782.846222962,110.0,260092.92571725836,3658649.312855473,-43645.070594163561,-42.227262043932669,745617.28329258435,5200632.763007225,4.066309,54.98681533725954,-14.977609471423854,1465912413,48.269623,4736965.942795524,118.0,117.9998425080751,-12.915537416607549,8.0
301629.89662497275,4242785.644018793,140.0,260102.56275999878,3658653.971634366,-43643.3981584176,-46.11921237330327,745611.63234205684,5200630.249736678,4.066454,54.98676316818952,-4.2131883419716356,1465912413,48.269588,4736964.09851273,119.0,118.99983168825706,-3.6331315211064066,8.0
301623.033830258,4242786.469929448,110.0,260096.55350783153,3658653.3995256326,-43640.806918712617,-43.895266286249871,745615.27917615604,5200634.610962401,4.066361,54.9867929790823,-11.117274286519576,1465912413,48.269608,4736967.817693256,122.0,121.99983911605153,-9.5866840459711966,8.0
301618.1480947556,4242782.652274848,120.0,260092.22184024384,3658648.4393794853,-43644.290950218652,-41.004090057758567,745619.21302481426,5200634.629318165,4.066299,54.98683173326032,-15.719982672712266,1465912413,48.269634,4736967.50325912,119.0,118.99984871594643,-13.555700300101307,5.0
301625.9876422507,4242785.096959448,100.0,260099.0002502821,3658650.8033413496,-43640.240759425687,-41.448923539178097,745619.02167190134,5200637.524565685,4.066402,54.986825771077825,-8.0735354176213896,1465912413,48.26963,4736970.192336206,123.0,122.99986007235783,-6.961994578166923,9.0
301618.9055154662,4242787.025224647,170.0,260092.7516311468,3658650.475140793,-43634.883612220088,-38.0018083043187,745624.8321789318,5200645.3901464585,4.066305,54.98687197800447,-15.274574086577147,1465912413,48.269661,4736976.964554081,129.0,128.99986840994114,-13.17160805084859,7.0
301622.16827051155,4242788.951102844,100.0,260095.7933648322,3658655.34567383,-43636.892599262021,-43.561697735460044,745616.24141684163,5200638.172666841,4.066347,54.98679745071725,-12.156605900099423,1465912413,48.269611,4736971.024883033,126.0,125.99983951360879,-10.482923302122799,8.0
301624.27087304974,4242781.885971946,150.0,260097.4468822921,3658647.0081653525,-43643.530703205179,-39.669735456307571,745621.307541635,5200636.590837484,4.066382,54.98684961981065,-9.5582771352652838,1465912413,48.269646,4736969.137738983,120.0,119.99986935024069,-8.24231906895875,7.0
301619.00641657173,4242786.35074615,150.0,260092.83865602076,3658649.893742092,-43635.876748171424,-38.001802735998787,745624.71521544515,5200644.5711258575,4.066307,54.98687197800447,-15.126096750998105,1465912413,48.269661,4736976.218268253,128.0,127.99986876351559,-13.04357271277695,7.0
301618.33553664025,4242787.382799331,150.0,260092.607033857,3658655.6633543223,-43642.34681352241,-46.452792751104113,745611.25492992636,5200630.783131145,4.066297,54.98675869655663,-15.868475140382325,1465912413,48.269585,4736964.622748891,120.0,119.99981095014311,-13.683760510037246,7.0
301613.49341524724,4242792.554063425,210.0,260088.6596744476,3658663.331563329,-43640.383292542268,-52.012678588811958,745603.13205635909,5200626.841730242,4.066227,54.986684169379934,-21.065123268931394,1465912413,48.269535,4736961.668217722,121.0,120.99975297016044,-18.164968731514819,6.0
301625.5427183132,4242794.541840698,140.0,260098.87655469473,3658662.604764057,-43632.18254057641,-47.787257129328076,745610.44696183491,5200637.830823686,4.066387,54.986740810027605,-9.1871175896005326,1465912413,48.269573,4736971.197401546,130.0,129.99981417971708,-7.9222699188394472,8.0
301617.6620862932,4242791.519455805,140.0,260091.99425366014,3658658.7796773645,-43635.530716943715,-45.674454928943092,745613.22724111495,5200637.182726558,4.066284,54.986769130367165,-16.833578648162227,1465912413,48.269592,4736970.364857963,127.0,126.99981410797211,-14.515990246502042,8.0
301614.5335879452,4242786.247503106,110.0,260089.06837341833,3658651.0248481557,-43638.487407988192,-40.114532886059919,745621.23318823532,5200640.305106057,4.066247,54.98684365762675,-19.580343174246416,1465912413,48.269642,4736972.573102259,125.0,124.99984371611532,-16.884575003874488,8.0
301615.8161095303,4242786.490856103,180.0,260090.1560545162,3658650.9777458883,-43637.571901873191,-39.669751392184324,745622.00933665247,5200641.504959745,4.066264,54.98684961981065,-18.318307701323029,1465912413,48.269646,4736973.615452905,126.0,125.99985024338595,-15.796292018596432,7.0
301611.4672245156,4242788.131130187,180.0,260086.4789146082,3658653.4191185655,-43637.261380967248,-41.448903279644313,745619.37259323301,5200639.981626099,4.066204,54.986825771077825,-22.772563076866277,1465912413,48.26963,4736972.4311926095,126.0,125.99982459513355,-19.637302921626542,7.0
301613.3673937925,4242791.828255548,100.0,260088.21780586397,3658658.0186000736,-43633.854985605161,-43.895286154095743,745616.09793304023,5200640.344101069,4.066226,54.9867929790823,-21.139357200217098,1465912413,48.269608,4736973.041689741,129.0,128.99981382213062,-18.228959105093963,8.0
301616.33446368406,4242786.454006748,90.0,260090.60304305443,3658650.9459698545,-43637.571900606512,-39.669753039242728,745622.00933523232,5200641.504959745,4.066271,54.98684961981065,-17.798645403614248,1465912413,48.269646,4736973.615452905,126.0,125.99985171240904,-15.348175438200997,9.0
301626.03005990566,4242790.92806763,90.0,260099.13711720123,3658657.2423471063,-43633.854960265759,-43.895319100763409,745616.09790462989,5200640.344101069,4.066397,54.9867929790823,-8.4447342684611595,1465912413,48.269608,4736973.041689741,129.0,128.99984320749729,-7.2820906602864852,9.0
301626.051272148,4242780.7575686835,90.0,260099.00044342232,3658646.292287623,-43645.439340318815,-40.114517241837625,745620.41442514234,5200634.571963836,4.066407,54.98684365762675,-7.7023402905276539,1465912413,48.269642,4736967.349103008,118.0,117.99986907199145,-6.6419031187397195,9.0
301626.65409737156,4242785.049580096,90.0,260099.57494980318,3658650.7624850487,-43640.24075872812,-41.448924446106368,745619.02167111926,5200637.524565685,4.066411,54.986825771077825,-7.4053982826709346,1465912413,48.26963,4736970.192336206,123.0,122.9998608812536,-6.3858446177764563,9.0
301627.6330578366,4242779.976063281,90.0,260100.40098742372,3658646.1322788275,-43647.270345044351,-41.004089197870982,745618.86212156469,5200632.1722575715,4.066429,54.98683173326032,-6.0691168909331594,1465912413,48.269634,4736965.264402577,116.0,115.9998651694184,-5.2335381906304974,9.0
301631.2126147142,4242783.217511823,90.0,260103.64284510253,3658651.1094477363,-43645.617327823333,-44.784824738054958,745613.37598246476,5200629.754197152,4.066474,54.98678105472378,-2.7284373732698439,1465912413,48.2696,4736963.494137494,117.0,116.99984201418711,-2.3527953022712609,9.0
301630.8400437879,4242791.586202246,90.0,260103.30311419666,3658658.0663838,-43632.784187192789,-44.340123312259955,745615.55567266559,5200640.7822870165,4.066461,54.98678701690283,-3.693531230384834,1465912413,48.269604,4736973.49190951,130.0,129.99984463998501,-3.185018060663424,9.0
301632.3290146243,4242790.545970989,190.0,260104.93860485495,3658662.1138330894,-43642.214273729347,-52.902283766611923,745601.57972852536,5200624.442025398,4.066482,54.98667224503842,-2.1345416160115995,1465912413,48.269527,4736959.583518269,119.0,118.9997800086505,-1.840667470205517,7.0
301631.3029777976,4242794.95728712,260.0,260104.03546752842,3658665.659554874,-43635.339948867258,-52.457549256157563,745603.0576349909,5200630.555989737,4.066464,54.98667820720897,-3.4708212657351494,1465912413,48.269531,4736965.103573866,126.0,125.99978310046343,-2.9929739012441132,6.0
301624.60887765605,4242789.781177656,200.0,260097.8431562935,3658655.2906148485,-43634.146085395871,-42.227346237345728,745618.56986664596,5200641.772227595,4.066379,54.98681533725954,-9.7810075041435844,1465912413,48.269623,4736974.151934775,129.0,128.99985257405098,-8.4343879141233629,6.0
301629.02187476563,4242789.04273941,120.0,260101.80836436342,3658656.9013349665,-43638.432476744194,-46.119247634690801,745612.21714915428,5200634.344834234,4.066439,54.98676316818952,-5.3267546168859869,1465912413,48.269588,4736967.829937629,124.0,123.99983085753748,-4.5933859412762104,8.0
301628.52117453405,4242789.327919665,120.0,260101.39028738384,3658657.339800501,-43638.374252890186,-46.452841007335266,745611.72275818861,5200634.059209011,4.066432,54.98675869655663,-5.8464176822131035,1465912413,48.269585,4736967.607888671,124.0,123.99982797804734,-5.0415039049548795,8.0
301626.1171057588,4242786.918042065,100.0,260099.21227238228,3658653.7857243135,-43639.813778354546,-43.895278300552924,745615.39613351261,5200635.4299822105,4.066402,54.9867929790823,-8.0735388829322687,1465912413,48.269608,4736968.563978468,123.0,122.99984368680884,-6.9620002533192746,8.0
301639.2707851306,4242793.971354932,120.0,260110.95652654886,3658665.515805273,-43637.112736986317,-53.680709584675178,745601.01094942703,5200627.870658817,4.066572,54.98666181124116,4.5468431560652327,1465912413,48.26952,4736962.796824758,124.0,123.99977223684674,3.9208546003283118,8.0
301646.2993470564,4242793.383212182,120.0,260117.1224264443,3658666.4854832087,-43639.645777433252,-56.238226171676935,745596.86975213198,5200623.223807999,4.066667,54.98662752877434,11.599417800966641,1465912413,48.269497,4736958.8555950755,121.0,120.99974126467957,10.002467083941156,8.0
301660.26629992685,4242802.453233751,90.0,260129.79167862373,3658683.1001332873,-43638.973279644415,-71.472274201831283,745574.05874069664,5200608.542194198,4.066846,54.986423324834625,24.888012094520953,1465912413,48.26936,4736947.2227684,119.0,118.99955064242168,21.461604741140036,9.0
301653.4133270634,4242809.6985146245,90.0,260123.85006162076,3658688.896252553,-43628.184599125729,-70.694038528246281,745576.49880289566,5200618.217833451,4.066747,54.98643375859933,17.538497291342708,1465912413,48.269367,4736955.949991004,130.0,129.99958372326617,15.123917841330695,9.0
301642.1588731143,4242791.67390744,120.0,260113.5885592036,3658665.5258405274,-43643.463058272093,-57.127780305617719,745595.08353710093,5200619.18606772,4.066613,54.986615604441674,7.5905822772607134,1465912413,48.269489,4736955.278328409,117.0,116.9997393706934,6.5455492122273427,8.0
301624.4123388077,4242789.110361314,90.0,260098.03887255397,3658659.8491743556,-43643.517941905258,-51.123101536348408,745604.09952538402,5200625.146341262,4.066377,54.98669609372334,-9.9294809880507806,1465912413,48.269543,4736960.02149517,118.0,117.99978717479875,-8.562432039208943,9.0
301620.738523037,4242779.308464526,90.0,260094.24572188783,3658642.603301064,-43644.190594784297,-35.889000539724158,745626.91065357416,5200639.827917036,4.066337,54.9869002983927,-12.898951642456353,1465912413,48.26968,4736971.654288518,120.0,119.99988589846444,-11.123051798305823,9.0
301625.63086492405,4242795.781748816,370.0,260099.0575260192,3658665.1503845,-43632.729293555087,-50.344804717174263,745606.53966545034,5200634.822008339,4.066387,54.986706527525314,-9.1871202744163494,1465912413,48.26955,4736968.74873924,129.0,128.99979448315594,-7.9222754309957963,5.0
301632.7659652296,4242782.036031546,370.0,260104.7039015765,3658646.174163074,-43640.842414094121,-38.001792879873463,745624.13038250315,5200640.4760228535,4.066496,54.98687197800447,-1.0952135681891804,1465912413,48.269661,4736972.486839113,123.0,122.99988657151215,-0.94442724070540862,6.0
301625.8598929324,4242786.440653213,140.0,260098.89005794498,3658651.961600782,-43638.254486970982,-41.448936230731718,745619.25559686474,5200639.162605961,4.066399,54.986825771077825,-8.2962503925339881,1465912413,48.26963,4736971.684907142,125.0,124.9998597873923,-7.1540468032108038,7.0
301621.3773755345,4242789.341854565,120.0,260095.0930910473,3658655.4256776534,-43635.977097097064,-43.116910718031811,745617.01756939094,5200639.372520332,4.066336,54.98680341289753,-12.973219657711461,1465912413,48.269615,4736972.067233544,127.0,126.99984093343278,-11.187107505160384,8.0
301618.6094365264,4242787.048018471,260.0,260092.4597979654,3658649.981112323,-43634.045744314484,-37.112228931368513,745626.26752282167,5200646.970834003,4.066301,54.98688390237715,-15.571524029866524,1465912413,48.269669,4736978.302970118,130.0,129.99987293788683,-13.427672766250907,6.0
301605.7896441745,4242781.549850591,410.0,260081.12671850823,3658641.3251797264,-43637.215979126217,-30.32908993985281,745636.08628751978,5200651.140497717,4.066134,54.98697482578033,-27.969141862972794,1465912413,48.26973,4736981.325386681,128.0,127.99986660124887,-24.118389562921948,5.0
301608.30922060134,4242777.209245233,210.0,260083.10778770823,3658634.886694253,-43639.024277150354,-25.65878164810691,745642.89081323927,5200654.3202196965,4.066172,54.98703742884219,-25.148097158602205,1465912413,48.269772,4736983.6877770005,127.0,126.99989884735245,-21.685726367650204,6.0
301611.07714867103,4242779.503097174,440.0,260085.74106121244,3658640.3312979694,-43640.955600149777,-31.66347047528782,745633.64083692664,5200646.721913022,4.066207,54.98695693920067,-22.549804821100611,1465912413,48.269718,4736977.452046703,124.0,123.99988153223278,-19.445183357092901,5.0
301623.11463643506,4242777.137629304,110.0,260096.29474387656,3658640.731999489,-43647.1699994144,-35.888988794458001,745626.5597582222,5200637.370854382,4.066371,54.9869002983927,-10.374876798000578,1465912413,48.26968,4736969.415430373,117.0,116.99989049549063,-8.9464861366650439,8.0
301622.2907623289,4242778.1113423025,130.0,260095.6344900028,3658642.2776671546,-43646.956507527968,-37.112163342926948,745624.74699050875,5200636.323564639,4.066359,54.98688390237715,-11.265727023526022,1465912413,48.269669,4736968.601253147,117.0,116.99988197924901,-9.7146878990824916,7.0
301627.45895996405,4242793.230394174,210.0,260100.68420562104,3658663.6573926113,-43637.481487566773,-51.567945643828971,745604.14209436357,5200629.679620366,4.066414,54.98669013155143,-7.1826997805390462,1465912413,48.269539,4736964.203136374,124.0,123.99978726787114,-6.1938164840612444,7.0
301618.54960258945,4242786.2063507335,370.0,260092.65471493354,3658652.7229563673,-43640.942784080609,-43.11687037431745,745616.43276521936,5200635.277420761,4.066301,54.98680341289753,-15.571520940881598,1465912413,48.269615,4736968.335807077,122.0,121.99983513091122,-13.427682829176774,6.0
301615.82370057807,4242789.738410537,140.0,260090.26751146413,3658655.253955022,-43635.13923850705,-42.227317844806898,745618.45292325097,5200640.953207561,4.066261,54.98681533725954,-18.541034237590633,1465912413,48.269623,4736973.405649388,128.0,127.99983316206473,-15.988360609306255,7.0
301603.10306661966,4242787.729121468,210.0,260079.17504374593,3658651.7885789173,-43636.656441648913,-39.224910220445523,745622.78553666186,5200642.704813527,4.066092,54.98685558199501,-31.087155171636439,1465912413,48.26965,4736974.65780362,127.0,126.99980363589422,-26.807156787464919,6.0
301609.8229230821,4242806.8783793235,130.0,260086.1925557935,3658685.503186109,-43635.427689461947,-69.025960624665757,745578.15208880254,5200613.91285112,4.066164,54.98645611667132,-25.742175315194416,1465912413,48.269382,4736951.836263294,123.0,122.99957423285015,-22.198164174304111,6.0
301615.4223185453,4242786.186070736,140.0,260089.79822880653,3658650.458190627,-43637.649536300756,-39.22495820136831,745622.66852711688,5200641.88579309,4.066259,54.98685558199501,-18.689493598471341,1465912413,48.26965,4736973.91151792,126.0,125.99985192138561,-16.116372901800787,6.0
301615.02214889484,4242785.791556555,110.0,260089.57640851234,3658651.8518074495,-43641.098058054893,-42.227276362844691,745617.75115175045,5200636.039087359,4.066254,54.98681533725954,-19.060679034451713,1465912413,48.269623,4736968.92793707,122.0,121.99983163313192,-16.436462284946174,8.0
301619.4173494332,4242794.2250469215,90.0,260093.62647374836,3658662.7813018826,-43634.032967568273,-48.565615275779578,745609.05947100988,5200635.526325638,4.066305,54.98673037622092,-15.2746000069072,1465912413,48.269566,4736969.186717205,128.0,127.99979664278908,-13.171652354583784,9.0
301620.3886034895,4242785.902234069,90.0,260094.3774730129,3658654.3870664537,-43644.333082199126,-46.452783756193476,745611.02100274607,5200629.145092213,4.066326,54.98675869655663,-13.715583644631764,1465912413,48.269585,4736963.130179001,118.0,117.9998159336039,-11.827271379886952,9.0
301621.05444629496,4242790.033864609,90.0,260094.7780883134,3658655.5085126245,-43634.146090955612,-42.227339008677959,745618.56987287942,5200641.772227595,4.066331,54.98681533725954,-13.344409389546902,1465912413,48.269623,4736974.151934775,129.0,128.99984612675087,-11.507191383803729,9.0
301620.0092932921,4242779.519707759,180.0,260093.7720877977,3658644.9685590784,-43647.503254802374,-39.669702241052761,745620.83969777089,5200633.314755976,4.066327,54.98684961981065,-13.641325673964019,1465912413,48.269646,4736966.152596368,116.0,115.9998619387701,-11.763224393296696,6.0
301619.98575492104,4242779.188602011,180.0,260093.73353903464,3658644.4263075786,-43647.580888181627,-39.224910953208806,745621.49888616276,5200633.695588724,4.066327,54.98685558199501,-13.641324609376053,1465912413,48.26965,4736966.448660919,116.0,115.99986469257148,-11.763222649846284,6.0
301615.53783045255,4242777.341738994,120.0,260089.7793626651,3658641.1649592235,-43648.085516143066,-36.33375563814522,745625.78362208419,5200636.171000946,4.066269,54.986894336204806,-17.947081756131283,1465912413,48.269676,4736968.373079944,116.0,115.99987119363027,-15.476167334476486,7.0
301617.0118237022,4242788.653862389,120.0,260091.27382209947,3658654.0622119554,-43636.210004911212,-41.782523128545158,745618.99514694186,5200640.515021083,4.066278,54.98682129944122,-17.278992214950453,1465912413,48.269627,4736972.955429197,127.0,126.99983963312887,-14.900071678246604,7.0
301618.738402883,4242788.862153176,110.0,260092.8174594513,3658655.012239291,-43636.970238497444,-43.11689744342452,745616.90061304485,5200638.553500418,4.066301,54.98680341289753,-15.571530687890162,1465912413,48.269615,4736971.320948251,126.0,125.99983513003063,-13.427691231088829,8.0
301612.9771912813,4242783.198484649,120.0,260087.51635856577,3658645.4429707564,-43638.387064234674,-34.999426574281642,745628.93083554285,5200645.503708556,4.066229,54.9869122227698,-20.916602050974664,1465912413,48.269688,4736976.724134429,126.0,125.99986963403423,-18.036846851689916,7.0
301613.4011465274,4242781.833736208,120.0,260087.8819756881,3658644.2665565936,-43640.373335133438,-34.999417470885064,745628.69690623367,5200643.865666549,4.066236,54.9869122227698,-20.396933795191913,1465912413,48.269688,4736975.231562146,124.0,123.9998713135378,-17.588725465815514,7.0
301623.1588758873,4242793.46338728,250.0,260096.75246885046,3658660.712048256,-43632.473664867292,-46.119281978221593,745612.91892454564,5200639.258951301,4.066356,54.98676316818952,-11.488480550309687,1465912413,48.269588,4736972.307647508,130.0,129.99982275005797,-9.9067873072635848,7.0
301625.4663482615,4242786.139344443,120.0,260098.4594071412,3658650.4176782425,-43636.656381512228,-39.224988410847097,745622.78546923702,5200642.704813527,4.066394,54.98685558199501,-8.6674371365589948,1465912413,48.26965,4736974.65780362,127.0,126.99987337446824,-7.4741270142403664,7.0
301608.8953696326,4242777.079150879,120.0,260083.7182240681,3658636.251391262,-43641.557278340144,-28.21632532669587,745638.7495678243,5200649.673366146,4.06618,54.98700314620671,-24.554198247608678,1465912413,48.269749,4736979.746546053,124.0,123.99989034366585,-21.173603551760607,7.0
301619.9678563858,4242781.030641444,250.0,260093.59937893364,3658644.3446662924,-43642.126689979734,-36.333801429934546,745626.48539329751,5200641.085125894,4.066325,54.986894336204806,-13.789805260465204,1465912413,48.269676,4736972.850795957,122.0,121.99988151709414,-11.891255444432318,6.0
301619.27504387166,4242779.660341642,310.0,260093.03393748446,3658643.6129653733,-43644.97024046025,-37.112167977420491,745624.98092326254,5200637.961606081,4.066317,54.98688390237715,-14.383699521722953,1465912413,48.269669,4736970.093824988,119.0,118.99987572112909,-12.403385185818479,5.0
301621.279662865,4242789.01427435,120.0,260095.02709784277,3658655.400148085,-43636.89260077713,-43.561695765569219,745616.24141854036,5200638.172666841,4.066335,54.98679745071725,-13.047456161759339,1465912413,48.269611,4736971.024883033,126.0,125.99983775664921,-11.251124150570831,7.0
301622.3483644381,4242788.3436988685,120.0,260096.1723493367,3658657.9683780703,-43642.893558494747,-49.010346136407257,745607.34763013979,5200627.774319508,4.06635,54.986724414046314,-11.933891670578689,1465912413,48.269562,4736962.174089514,119.0,118.99980034913654,-10.290880505301175,7.0
301626.1232376627,4242787.004295741,260.0,260099.14908613104,3658652.8969226317,-43638.118628825214,-42.227322400745038,745618.10201568634,5200638.496147459,4.066402,54.98681533725954,-8.0735390470306019,1465912413,48.269623,4736971.166793229,125.0,124.99985496010009,-6.9619985620302032,5.0
301616.69195951935,4242788.342074909,300.0,260091.0162623071,3658654.050301158,-43637.125508898629,-42.227307646423192,745618.21899628767,5200639.315167493,4.066274,54.98681533725954,-17.575940877062362,1465912413,48.269623,4736971.913078615,126.0,125.99983588909514,-15.15613839134312,5.0
301632.33539800666,4242785.4014239,230.0,260104.36905516175,3658649.588803693,-43636.714601837157,-38.891400684310625,745623.27985596762,5200642.990438565,4.066487,54.98686005363362,-1.7633516780404683,1465912413,48.269653,4736974.879852403,127.0,126.99988105390209,-1.5205779414536664,6.0
301624.10045184917,4242784.723214462,230.0,260097.52809653606,3658652.6643615956,-43644.546565063029,-45.229615194447561,745612.83376288158,5200630.192383645,4.066377,54.986775092545244,-9.9294707207986441,1465912413,48.269596,4736963.944357682,118.0,117.99983173997163,-8.5624152244781726,6.0
301620.0431062735,4242791.51133513,310.0,260094.16614115963,3658660.4420803767,-43638.005512110074,-48.565586913845557,745608.59162641154,5200632.250248907,4.066316,54.98673037622092,-14.457977244414268,1465912413,48.269566,4736966.201578308,124.0,123.99979854179381,-12.467459047940793,4.0
301528.0843812801,4242760.521546625,2920.0,260012.92024677203,3658606.3131688307,-43649.273269197394,-1.0831253495704409,745678.61011732463,5200670.447026342,4.06511,54.987366841037144,-103.98756399442536,1465912413,48.269993,4736995.567559214,121.0,120.99915381499244,-89.670288056287973,3.0
301645.5787267011,4242802.090189868,300.0,260116.90253650272,3658679.641300167,-43635.951645896479,-66.023665152674184,745582.60155441205,5200616.483486268,4.066649,54.98649636121747,10.263161314591253,1465912413,48.269409,4736953.834710998,123.0,122.99964965924167,8.8501934708983754,4.0
301630.89409507863,4242808.049670189,480.0,260104.3627269106,3658686.5123444814,-43631.455097891085,-69.026060066298825,745578.61986416753,5200617.188916866,4.066446,54.98645611667132,-4.8071134703039053,1465912413,48.269382,4736954.821393641,127.0,126.99962427302474,-4.1453021233173786,4.0
301632.73996938893,4242798.420242822,600.0,260105.7264555377,3658675.001306764,-43640.370554929388,-63.46608147372752,745585.92404093768,5200615.397216895,4.06648,54.986530643625336,-2.2830209716788268,1465912413,48.269432,4736952.551958881,119.0,118.99968348453767,-1.9687081329684588,4.0
301626.97860477684,4242792.75487543,290.0,260100.46171556853,3658665.9443104984,-43642.625182545919,-56.238206389180633,745596.51886963239,5200620.76675354,4.066408,54.98662752877434,-7.6281244858895709,1465912413,48.269497,4736956.616743308,118.0,117.99974723911502,-6.577921875512402,5.0
301631.5523414617,4242792.183635645,520.0,260104.3190367757,3658664.23181687,-43641.007651949374,-54.125468450782321,745599.88392317004,5200624.213750984,4.06647,54.9866558490719,-3.0253934844741517,1465912413,48.269516,4736959.515622515,120.0,119.99976937591356,-2.6088713398639811,4.0
301633.7058294128,4242794.209343734,430.0,260105.96600743366,3658663.024271627,-43632.962183384283,-49.010435464945388,745608.51722531626,5200635.96451074,4.066497,54.986724414046314,-1.0209790842748765,1465912413,48.269562,4736969.636936291,129.0,128.99981141113565,-0.88041470781899989,4.0
301627.04224563716,4242783.18121391,140.0,260100.02838696467,3658650.8214166476,-43645.69496305193,-44.340029876562902,745614.03517348156,5200630.135030267,4.066418,54.98678701690283,-6.8857330942607176,1465912413,48.269604,4736963.790202357,117.0,116.99984199868526,-5.9377281292618136,6.0
301626.3683236234,4242774.748490684,260.0,260098.87227886904,3658635.46197549,-43645.161017981452,-30.329116233200871,745635.15051258553,5200644.588324671,4.066417,54.98697482578033,-6.9599566796105803,1465912413,48.26973,4736975.355093645,120.0,119.99992401916724,-6.0017195895270561,5.0
301636.5664372827,4242774.775721017,140.0,260107.63435790048,3658635.035734718,-43643.310604652448,-29.550743600305509,745636.53802197822,5200646.892824881,4.066554,54.98698525962041,3.2105512120443285,1465912413,48.269737,4736977.365779499,122.0,121.99993066218268,2.7685266763728578,6.0
301616.7716883334,4242773.759841846,140.0,260090.65171034858,3658635.3805189133,-43648.900672785785,-31.663451550924208,745632.70510202029,5200640.169741409,4.066289,54.98695693920067,-16.462322036678788,1465912413,48.269718,4736971.481754782,116.0,115.99990011393373,-14.195815581566421,6.0
301618.1346508546,4242768.853333046,140.0,260091.23371706996,3658622.8036889806,-43642.485614793171,-17.207763315994558,745655.18148088909,5200659.917987264,4.066312,54.98715071070364,-14.754848629569015,1465912413,48.269848,4736987.820419518,125.0,124.99995972694856,-12.723395388085919,6.0
301616.73967408313,4242779.590995846,120.0,260090.83394331523,3658643.3606178532,-43645.028471167236,-36.778567423529822,745625.47532095329,5200638.247230666,4.066283,54.98688837401742,-16.907768652358861,1465912413,48.269672,4736970.315873411,119.0,118.99987147680315,-14.579945574878366,6.0
301622.33930421516,4242781.934851652,140.0,260095.88623790827,3658648.527178258,-43646.063724304549,-42.227263517003664,745617.16632343538,5200631.943987191,4.066356,54.98681533725954,-11.488449333765164,1465912413,48.269623,4736965.196510138,117.0,116.99984973343818,-9.9067543135461165,6.0
301623.73535543866,4242779.587598738,170.0,260097.00340697216,3658645.283834433,-43647.425615596199,-40.114501204671541,745620.18050280493,5200632.933923202,4.066377,54.98684365762675,-9.9294587018008116,1465912413,48.269642,4736965.856531794,116.0,115.99986599984835,-8.5623979516749387,6.0
301623.7678376055,4242788.419666825,140.0,260097.18641267082,3658655.080171761,-43637.827508594186,-43.895288083024937,745615.63006051048,5200637.06802183,4.066369,54.9867929790823,-10.523379389445035,1465912413,48.269608,4736970.0565488925,125.0,124.99984012209545,-9.0745546691105119,6.0
301617.95069656975,4242788.250844894,130.0,260092.13821765617,3658654.485313257,-43637.963376490858,-43.116888600471846,745616.78365287906,5200637.734480503,4.066291,54.98680341289753,-16.313903295174562,1465912413,48.269615,4736970.574662956,125.0,124.99983327800476,-14.06785630932427,7.0
301624.05741794175,4242790.399251602,140.0,260097.47259586718,3658657.3002373157,-43635.685970169099,-44.784886241584829,745614.54560573271,5200637.944394055,4.066371,54.98678105472378,-10.374909226728969,1465912413,48.2696,4736970.956988686,127.0,126.9998341740848,-8.9465266510378569,6.0
301620.5520355089,4242787.154266113,130.0,260094.2581863867,3658651.806332019,-43636.501122048801,-40.114562787987026,745621.46709861734,5200641.943146691,4.066327,54.98684365762675,-13.641350220485041,1465912413,48.269642,4736974.065673473,127.0,126.99985915433717,-11.763246377995529,7.0
301619.04921147466,4242782.765084031,110.0,260092.78891316758,3658645.582924424,-43639.22491740463,-35.889024010137113,745627.49547580176,5200643.923021458,4.066311,54.9869002983927,-14.829134401688821,1465912413,48.26968,4736975.385718762,125.0,124.99988171195287,-12.78749115410028,7.0
301616.32565808663,4242777.954784682,170.0,260090.42219090534,3658641.179699113,-43646.254509963561,-35.44418647182065,745627.33592508093,5200638.57070791,4.066279,54.986906260581016,-17.204711340577866,1465912413,48.269684,4736970.45778087,118.0,117.99987824577094,-14.836002747812017,6.0
301621.08314477437,4242785.20302613,260.0,260094.6112297592,3658648.6475243433,-43636.947514136999,-37.557010020772054,745625.2574374174,5200644.132938563,4.066336,54.986877940190574,-12.973207002341075,1465912413,48.269665,4736975.768047402,127.0,126.99987613452981,-11.187086779529636,5.0
301627.9671430296,4242781.534760897,140.0,260100.7392528654,3658648.1821707906,-43646.063717705787,-42.227272096558913,745617.16631603695,5200631.943987191,4.066432,54.98681533725954,-5.8464069434974348,1465912413,48.269623,4736965.196510138,117.0,116.99985738560439,-5.0414912860578625,6.0
301628.16354989755,4242787.438115317,110.0,260101.0134717445,3658654.747657284,-43639.658511157366,-44.784864335249097,745614.07775410137,5200634.668315294,4.066429,54.98678105472378,-6.0691275650362027,1465912413,48.2696,4736967.971848209,123.0,122.9998397143825,-5.2335505145674688,7.0
301618.9463369046,4242787.599448165,170.0,260092.92832458767,3658652.960636976,-43637.261361719,-41.448928305854587,745619.37257165206,5200639.981626099,4.066305,54.986825771077825,-15.274576153818046,1465912413,48.26963,4736972.4311926095,126.0,125.99984691618808,-13.171616998966783,6.0
301620.2145009493,4242793.922288554,170.0,260094.22715325156,3658661.3003177242,-43632.415445765087,-46.452869414743674,745612.42453850468,5200638.973325809,4.066316,54.98675869655663,-14.457985460140232,1465912413,48.269585,4736972.08559834,130.0,129.99981429656029,-12.467461972526507,6.0
301627.1757512459,4242789.246685143,310.0,260100.44008138299,3658660.223459016,-43643.440307329263,-51.567897079976973,745603.44033440633,5200624.765507687,4.066414,54.98669013155143,-7.1826930363970609,1465912413,48.269539,4736959.725429911,118.0,117.99978726832984,-6.1938106707166298,5.0
301606.2901513127,4242791.731512147,130.0,260082.44815572782,3658662.622695822,-43642.369589506394,-52.012631464269418,745602.89816313575,5200625.203692801,4.066131,54.986684169379934,-28.191921529779052,1465912413,48.269535,4736960.175648995,119.0,118.99972550295719,-24.310580412660784,7.0
301634.03672548506,4242789.441963806,100.0,260106.02777773156,3658655.768516136,-43634.90631648343,-43.561724363813092,745616.47532937792,5200639.81070655,4.066506,54.98679745071725,-0.35284004305344929,1465912413,48.269611,4736972.517453526,128.0,127.99985106620356,-0.30426215501211118,8.0
301627.4907211085,4242789.48961442,130.0,260100.39671048298,3658656.002373955,-43635.841231486578,-43.895307417824853,745615.8639792708,5200638.70606145,4.066418,54.9867929790823,-6.8857433323594828,1465912413,48.269608,4736971.549119317,127.0,126.99984507717106,-5.9377365375694353,7.0
301629.4211808116,4242782.09694824,160.0,260102.02960633376,3658649.1804197296,-43645.908451027666,-43.116856082022082,745615.847938583,5200631.18232119,4.066451,54.98680341289753,-4.4358970383989078,1465912413,48.269615,4736964.604380609,117.0,116.99985256258718,-3.8251766630710335,6.0
301608.231952528,4242781.357029341,140.0,260083.63445463852,3658646.809435419,-43646.432516570152,-40.1144590200187,745620.29750726523,5200633.752943519,4.066167,54.98684365762675,-25.519308449428245,1465912413,48.269642,4736966.602817401,117.0,116.99982275929757,-22.00587977100804,6.0
301625.68114326766,4242780.785628957,120.0,260098.64475442297,3658645.8028022884,-43644.601471156049,-39.224940029926906,745621.84976559936,5200636.152650034,4.066402,54.98685558199501,-8.0735272136415777,1465912413,48.26965,4736968.687518019,119.0,118.99987415215712,-6.9619850627204869,7.0
301630.6126114424,4242774.777789057,140.0,260102.58699029958,3658636.2576590264,-43645.921246754951,-31.663489581263178,745633.05597593565,5200642.626805765,4.066474,54.98695693920067,-2.7284319458945276,1465912413,48.269718,4736973.720614253,119.0,118.99992073656469,-2.352785751427291,7.0
301634.17439838016,4242785.09730667,120.0,260106.09181851803,3658651.252920548,-43640.104897170597,-42.227314862197261,745617.86808643036,5200636.858107393,4.066512,54.98681533725954,0.092585133143376908,1465912413,48.269623,4736969.674222456,123.0,122.99986005945706,0.079838291501800995,8.0
301627.18679528247,4242786.26137965,120.0,260100.06623193467,3658652.2565082293,-43639.111764066947,-42.227317241404414,745617.98505225754,5200637.6771274265,4.066417,54.98681533725954,-6.9599755657007414,1465912413,48.269623,4736970.420507843,124.0,123.99985626996819,-6.0017471397077315,8.0
301624.20123293914,4242786.140848094,140.0,260097.47346149804,3658651.895839769,-43639.189400497184,-41.782520996688177,745618.64424501488,5200638.057960803,4.066377,54.98682129944122,-9.9294740384819686,1465912413,48.269627,4736970.716572898,124.0,123.9998552790818,-8.5624134258978302,6.0
301613.49074809556,4242786.234948483,310.0,260088.2375801101,3658651.977203939,-43640.182558891305,-41.782485789805577,745618.52730745357,5200637.238940709,4.066233,54.98682129944122,-20.619667269160136,1465912413,48.269627,4736969.9702874655,123.0,122.99982972693714,-17.780812476972642,6.0
301611.6783199739,4242793.194504296,310.0,260086.86623417182,3658660.673170677,-43634.401740083427,-46.452827081206067,745612.19064007211,5200637.335286876,4.066202,54.98675869655663,-22.92106536278272,1465912413,48.269585,4736970.59302845,128.0,127.99978954506311,-19.765375446149847,6.0
301597.46978338686,4242793.287646203,310.0,260074.60020621974,3658660.561160321,-43635.453158266289,-46.119151089347639,745612.56813491078,5200636.801892768,4.066011,54.98676316818952,-37.10043568077721,1465912413,48.269588,4736970.0687925685,127.0,126.99972537870168,-31.992579327968997,6.0
301609.6411982297,4242791.758616661,310.0,260085.02288678713,3658658.215499256,-43634.770500799859,-44.340056412265483,745615.32179500896,5200639.144247517,4.066176,54.98678701690283,-24.851233300852854,1465912413,48.269604,4736971.999339179,128.0,127.99979738596852,-21.42979765542259,6.0
301612.94089624425,4242782.687923151,300.0,260087.74982019162,3658648.7270703763,-43645.206466298187,-41.448858347719934,745618.43688834738,5200633.429464994,4.066229,54.986825771077825,-20.916599533905732,1465912413,48.26963,4736966.460908867,118.0,117.99983093988833,-18.036863042078039,6.0
301620.2737464045,4242778.005148551,130.0,260093.8814837813,3658641.9935448915,-43647.014736205107,-36.778565509195715,745625.24138579087,5200636.609189136,4.066332,54.98688837401742,-13.270134244563675,1465912413,48.269672,4736968.823301499,117.0,116.99988006620937,-11.443132388289087,7.0
301595.8207058061,4242789.981647498,300.0,260073.24671252494,3658658.674593485,-43642.114000184352,-47.787059421966873,745609.27745893097,5200629.640630813,4.065992,54.986740810027605,-38.510918533145784,1465912413,48.269573,4736963.734553491,120.0,119.99970474170719,-33.208880658057751,6.0
301624.39531177987,4242781.542598991,160.0,260097.57245556792,3658646.969017857,-43644.446205976565,-40.114520974975548,745620.5313900063,5200635.390984153,4.066384,54.98684365762675,-9.4098015942462254,1465912413,48.269642,4736968.0953886155,119.0,118.99986678584409,-8.1142858137609437,7.0
301612.84009014134,4242788.598415127,300.0,260088.0598733143,3658659.408149243,-43645.50423948664,-51.123053825973074,745603.86563249468,5200623.508303584,4.066222,54.98669609372334,-21.436291019394083,1465912413,48.269543,4736958.528926256,116.0,115.99975893549973,-18.485033132004901,6.0
301606.58784234483,4242789.637478191,300.0,260082.444735339,3658657.157680842,-43639.503295631977,-45.674383574621849,745612.75943246891,5200633.9066482745,4.066137,54.986769130367165,-27.746482738659317,1465912413,48.269592,4736967.3797178585,123.0,122.99977604318748,-23.926443766002194,6.0
301627.038944259,4242778.947247465,290.0,260099.61024005982,3658641.3286301345,-43642.495442302024,-34.22105367863012,745629.61653197254,5200642.894081975,4.066422,54.98692265660132,-6.5887768422065927,1465912413,48.269695,4736974.25710288,122.0,121.99990469808378,-5.6816467602402554,6.0
301626.06365932274,4242780.931811149,140.0,260098.83765813455,3658644.0024910895,-43641.211178966703,-35.889026830550918,745627.26153638249,5200642.284979689,4.066407,54.9869002983927,-7.7023406068900586,1465912413,48.26968,4736973.893146665,123.0,122.9998942759749,-6.6418989618323394,7.0
301629.3153852884,4242782.70255549,400.0,260101.64164672155,3658645.5287854336,-43638.231767787605,-35.889047090152992,745627.61242439179,5200644.742042342,4.066449,54.9869002983927,-4.5843725042313883,1465912413,48.26968,4736976.1320048105,126.0,125.99989727294535,-3.9532059831326478,5.0
301630.59496101615,4242781.8575949315,130.0,260102.81354415577,3658645.7635611184,-43640.920048468121,-37.557000280741718,745624.78957249038,5200640.8568559205,4.066467,54.986877940190574,-3.2480983362679376,1465912413,48.269665,4736972.782903904,123.0,122.99988847773433,-2.8009078987524845,8.0
301627.0938694189,4242782.860487648,140.0,260099.72598436667,3658645.664973833,-43638.231769500075,-35.889044863599608,745627.61242631183,5200644.742042342,4.066419,54.9869002983927,-6.811495160281023,1465912413,48.26968,4736976.1320048105,126.0,125.99989528706656,-5.8737031942800968,8.0
301628.2883605167,4242779.771821934,150.0,260100.7743500891,3658643.259377507,-43643.119815327496,-36.333809849650784,745626.36841758655,5200640.26610507,4.066438,54.986894336204806,-5.4009803403188714,1465912413,48.269676,4736972.104509955,121.0,120.99989411333311,-4.6573853414301993,7.0
301625.11853344017,4242781.246840103,140.0,260098.07286222465,3658644.980380676,-43641.990822875116,-37.112197012018022,745625.3318033492,5200640.418668241,4.066394,54.98688390237715,-8.6674271418110269,1465912413,48.269669,4736972.332682751,122.0,121.99988603167819,-7.4741159065815737,8.0
301628.2407944615,4242781.196500736,150.0,260100.66482676083,3658643.5242856233,-43639.438398664461,-34.665862820060404,745629.30823327124,5200644.970312313,4.066436,54.98691669441172,-5.5494569291037203,1465912413,48.269691,4736976.199896836,125.0,124.99990327950982,-4.7854187422417453,7.0
301617.8407412867,4242782.5164683545,150.0,260091.76508915346,3658645.6254893583,-43640.140422037977,-36.333807011831496,745626.71932538482,5200642.723167544,4.066295,54.986894336204806,-16.016931709205235,1465912413,48.269676,4736974.343367961,124.0,123.999876322359,-13.811756059629261,7.0
301627.08724896493,4242784.861128721,130.0,260099.7567473772,3658647.9031976326,-43636.090229145761,-36.778640206760841,745626.52797385387,5200645.618417551,4.066417,54.98688837401742,-6.9599732687036227,1465912413,48.269672,4736977.032447011,128.0,127.99989005389878,-6.0017399984426447,9.0
301632.8224847254,4242781.784174887,140.0,260104.7024312857,3658645.2507487745,-43640.062770836681,-36.77862127453681,745626.06011655182,5200642.342334491,4.066497,54.98688837401742,-1.0209760942508082,1465912413,48.269672,4736974.047303189,124.0,123.99989376299052,-0.88041043082921533,8.0
301636.92665697087,4242785.076761075,150.0,260108.29168151208,3658648.7951561697,-43635.876733278077,-38.001822099872335,745624.71519874688,5200644.5711258575,4.066549,54.98687197800447,2.8393716240004778,1465912413,48.269661,4736976.218268253,128.0,127.99988603429182,2.4484538771721418,7.0
301622.166199989,4242778.452976792,150.0,260095.5453283756,3658642.828998158,-43646.878874009031,-37.55695440767456,745624.08780205948,5200635.942731958,4.066357,54.986877940190574,-11.414202580851168,1465912413,48.269665,4736968.305188659,117.0,116.9998791100782,-9.8427223772814614,6.0
301624.47598376987,4242779.536694059,150.0,260097.60554931153,3658644.726255977,-43646.587745032302,-39.224926030000809,745621.61584133143,5200634.51460916,4.066387,54.98685558199501,-9.1870850982127976,1465912413,48.26965,4736967.19494662,117.0,116.99987264870337,-7.9222312056590454,7.0
301619.4339275804,4242781.89530679,140.0,260093.294141193,3658647.27316581,-43644.446213961564,-40.114510593252675,745620.53139895911,5200635.390984153,4.066317,54.98684365762675,-14.383707098589564,1465912413,48.269642,4736968.0953886155,119.0,118.9998575263118,-12.403397594483977,8.0
301628.4682131285,4242781.254796748,160.0,260101.04809219443,3658646.2071570386,-43643.608332383556,-39.224949415082783,745621.96672567539,5200636.97167047,4.066439,54.98685558199501,-5.3267448392118908,1465912413,48.26965,4736969.4338037195,120.0,119.99987703187838,-4.5933725148934172,6.0
301623.3679239265,4242780.700494105,150.0,260096.6363246046,3658645.536839812,-43644.659699132033,-38.891342680325877,745622.3441603696,5200636.438274713,4.066371,54.98686005363362,-10.374885510361329,1465912413,48.269653,4736968.9095665235,119.0,118.99987287557828,-8.9464978859614348,6.0
301630.1518881899,4242787.140851851,140.0,260102.49982298858,3658651.2808622355,-43634.670104979734,-39.225005864681314,745623.01939052541,5200644.3428544,4.066456,54.98685558199501,-4.0647148385228551,1465912413,48.26965,4736976.150375021,129.0,128.99987795973507,-3.5050955083206645,7.0
301628.86813658674,4242781.645833118,150.0,260101.34273204196,3658645.8379054563,-43641.835551925833,-38.00178486605737,745624.01342112606,5200639.657002253,4.066444,54.98687197800447,-4.9555583486531951,1465912413,48.269661,4736971.740553285,122.0,121.9998847439312,-4.2732891862397082,6.0
301624.8648738564,4242777.678761521,200.0,260097.84051526323,3658641.7120940844,-43647.014729392409,-36.778574366999045,745625.24137815251,5200636.609189136,4.066394,54.98688837401742,-8.6674198527073099,1465912413,48.269672,4736968.823301499,117.0,116.99988796654698,-7.4741092299154843,5.0
301622.40220336965,4242781.772726367,140.0,260095.74876144194,3658645.6905963006,-43641.913192790933,-37.556983881583193,745624.67261830019,5200640.03783526,4.066357,54.986877940190574,-11.414211511795358,1465912413,48.269665,4736972.03661803,122.0,121.99987910881015,-9.8427300757393823,7.0
301625.04227270675,4242787.502357673,140.0,260098.13020440406,3658652.106280039,-43635.507978873749,-40.114578004646894,745621.58405357937,5200642.762167009,4.066387,54.98684365762675,-9.1871023466521926,1465912413,48.269642,4736974.81195908,128.0,127.99986711042452,-7.9222471859684447,7.0
301632.91860883863,4242786.276852228,240.0,260104.8856443462,3658650.5360350707,-43635.663240258691,-39.22500102179017,745622.90242653131,5200643.523833963,4.066494,54.98685558199501,-1.2436896372966819,1465912413,48.26965,4736975.40408932,128.0,127.99987913129196,-1.0724616941297427,6.0
301630.04007023515,4242783.474252319,240.0,260102.4947829589,3658649.4044823004,-43642.227028763096,-41.448914900557874,745618.78774344269,5200635.886525408,4.066458,54.986825771077825,-3.9162364634552143,1465912413,48.26963,4736968.699765271,121.0,120.99986397216342,-3.3770604349556379,6.0
301615.28793958836,4242789.530405402,140.0,260089.71879005816,3658653.8546732063,-43633.521725065286,-40.114566129526814,745621.81799998612,5200644.4002076425,4.066254,54.98684365762675,-19.06069583117619,1465912413,48.269642,4736976.304530295,130.0,129.99984528740154,-16.436471282810089,6.0
301624.14925516665,4242783.315917382,140.0,260097.27350351043,3658647.2776181116,-43639.84928421201,-38.001790556408615,745624.24735279439,5200641.2950434545,4.066379,54.98687197800447,-9.7809925995911478,1465912413,48.269661,4736973.233124942,124.0,123.99987918044675,-8.4343694415947539,7.0
301620.9403239561,4242777.95950795,140.0,260094.419770464,3658641.4405044094,-43646.176866668997,-35.888989938441888,745626.67672572995,5200638.189875267,4.066341,54.9869002983927,-12.601998289602658,1465912413,48.26968,4736970.161716421,118.0,117.9998864915805,-10.866982343941345,6.0
301615.72304607765,4242788.322517047,130.0,260090.28573460758,3658655.5102975606,-43639.658531866859,-44.784837408969949,745614.07777732064,5200634.668315294,4.066261,54.98678105472378,-18.541028050150029,1465912413,48.2696,4736967.971848209,123.0,122.99981569864308,-15.988361729505414,7.0
301623.3702438989,4242791.202098692,130.0,260096.81154079322,3658657.0291514765,-43632.997684893322,-43.116934942292403,745617.36845187738,5200641.829580074,4.066361,54.98680341289753,-11.117286686113824,1465912413,48.269615,4736974.3060894245,130.0,129.99984443152775,-9.5866935566082248,8.0
301622.0258190774,4242781.712795517,130.0,260095.4926701388,3658646.602099733,-43643.608339840495,-39.224939719605601,745621.96673403599,5200636.97167047,4.066352,54.98685558199501,-11.785398257878571,1465912413,48.26965,4736969.4338037195,120.0,119.99986838441346,-10.162815390780452,7.0
301618.35283981374,4242782.391629401,210.0,260092.31167323608,3658646.994705449,-43642.673435513592,-38.89134326250911,745622.57809627138,5200638.076315676,4.066302,54.98686005363362,-15.497269556759594,1465912413,48.269653,4736970.402137993,121.0,120.99986250524722,-13.363645234785508,6.0
301620.79234659014,4242777.971774064,210.0,260094.25564830116,3658640.9373977617,-43645.338998900661,-34.99941223898422,745628.11206784705,5200639.770561529,4.066339,54.9869122227698,-12.750472952625852,1465912413,48.269688,4736971.5001314385,119.0,118.99989114563517,-10.995013791929523,5.0
301622.7728356155,4242774.4234789545,210.0,260095.70335417823,3658634.218740836,-43644.459017807683,-28.661146860652579,745637.73944433697,5200646.835468011,4.066369,54.98699718401082,-10.52334467470139,1465912413,48.269745,4736977.211621287,121.0,120.99992686638369,-9.0745029265235644,6.0
301625.0696181463,4242777.4181143185,210.0,260097.93034520876,3658640.267415398,-43645.397218385609,-34.665826620365721,745628.60645281582,5200640.056186021,4.066397,54.98691669441172,-8.4447073786099907,1465912413,48.269691,4736971.722179777,119.0,118.99990010987011,-7.2820568738752627,5.0
301622.1516135626,4242779.294694057,130.0,260095.39578762313,3658641.6282409495,-43642.495448278147,-34.22104590866708,745629.61653867294,5200642.894081975,4.066356,54.98692265660132,-11.488442184841583,1465912413,48.269695,4736974.25710288,122.0,121.99989776799859,-9.9067356328523601,7.0
301616.593033674,4242782.762823388,130.0,260090.88087553612,3658648.5347080175,-43644.290953689953,-41.0040855445665,745619.21302870638,5200634.629318165,4.066278,54.98683173326032,-17.278968223372512,1465912413,48.269634,4736967.50325912,119.0,118.99984469059841,-14.900049167161342,7.0
301620.76696038846,4242781.802288387,130.0,260094.40712782796,3658646.679271458,-43643.608341954969,-39.224936970045007,745621.96673640679,5200636.97167047,4.066335,54.98685558199501,-13.047433983359298,1465912413,48.26965,4736969.4338037195,120.0,119.99986593206087,-11.251097332096833,6.0
301621.36376884923,4242783.915933447,120.0,260095.18647291927,3658652.225393135,-43646.455209663436,-45.674386997038624,745611.94065670844,5200628.173511279,4.066341,54.986769130367165,-12.602015981453999,1465912413,48.269592,4736962.155722675,116.0,115.99982385447468,-10.867014377479791,7.0
301620.75371358125,4242785.80357053,120.0,260094.4686469714,3658651.155717544,-43639.32526386925,-41.004128294259985,745619.79783182789,5200638.724419154,4.066331,54.98683173326032,-13.344396084442558,1465912413,48.269634,4736971.23468669,124.0,123.99985411783504,-11.507177693398262,7.0
301622.1313715599,4242783.197554932,120.0,260095.775374649,3658650.578777241,-43645.772601831064,-43.895230495185338,745614.69436843588,5200630.515863352,4.066352,54.9867929790823,-11.785402382134425,1465912413,48.269608,4736964.086267196,117.0,116.99983791941905,-10.162826437008334,8.0
301603.6355682782,4242758.576448862,120.0,260077.96428495678,3658603.1578706168,-43641.773943529821,1.4735511449003307,745683.33549804601,5200679.189010008,4.066127,54.987401123835944,-28.488648965920561,1465912413,48.270016,4737003.240239568,129.0,128.99993632395763,-24.566248395261937,8.0
301613.08274218015,4242749.08788309,120.0,260085.59056200297,3658587.658386587,-43642.99355887885,14.150090373411789,745702.23947840533,5200690.861712974,4.066263,54.987571047500644,-18.392383007185341,1465912413,48.27013,4737012.424318234,130.0,129.99995781706741,-15.860034162898955,8.0
302136.286862104,4242680.078553012,100.0,260535.04800606234,3658504.1453318256,-43651.264013950378,55.760807764312844,745763.77695895731,5200725.650206315,4.073359,54.988128519021394,508.38827693578878,1465912413,48.270504,4737039.359759857,129.0,128.97953300728449,438.3881377268699,9.0
302397.2355649415,4242474.608199405,90.0,260750.1197450487,3658187.4170795954,-43702.439670748929,297.53617604255919,746121.03169895709,5200925.254652505,4.077062,54.991369089165346,783.25082909269975,1465912413,48.272678,4737193.548220609,120.0,119.94505079380897,675.3790162624573,10.0
302422.24589587544,4242235.610607928,90.0,260758.7831385513,3657800.345778859,-43761.187313327937,611.00880760443249,746585.16611153784,5201190.349575291,4.077627,54.995571302857755,825.14657214569922,1465912413,48.275497,4737399.196464926,116.0,115.91742724791922,711.46953963745909,10.0
302033.8702324997,4241886.613186369,90.0,260403.02825149678,3657206.1230183113,-43845.001717059917,1118.809888732254,747338.44756107684,5201629.1998179825,4.072742,55.00237970799042,462.49763567205684,1465912413,48.280064,4737740.906883305,121.0,120.88502888026849,398.74926873415825,10.0
301909.4380034002,4241681.449116059,90.0,260284.09623220403,3656865.5481238873,-43897.566654122333,1402.1342363813776,747758.07426165184,5201869.283555638,4.071266,55.006178486547185,352.9277700057973,1465912413,48.282612,4737927.218082183,118.0,117.83596683774199,304.2683470205593,10.0
301723.73793869227,4241599.063807453,100.0,260118.41839770027,3656716.0658036983,-43912.397487780407,1537.9010238543192,747960.38604018744,5201992.878457803,4.068849,55.007998925854814,173.53753052334537,1465912413,48.283833,4738024.286075002,127.0,126.81203134886782,149.60807618506806,9.0
301563.02026645857,4241495.398070881,110.0,259973.79972118334,3656541.422625637,-43945.194099070024,1685.4567098267798,748178.30263194127,5202113.452577384,4.066788,55.00997745417642,20.575877337164314,1465912413,48.28516,4738117.252111659,120.0,119.7770280924065,17.738212759650196,8.0
301569.2357696831,4241501.1945225885,110.0,259979.5738582622,3656552.2681944207,-43945.407558573672,1675.3371725697505,748163.06750901323,5202103.15245444,4.066866,55.00984177350508,26.364680356069009,1465912413,48.285069,4738109.025729819,118.0,117.77967578939645,22.728705553752661,7.0
301598.1880117335,4241504.470001717,160.0,260004.6062928506,3656556.118862551,-43939.137493868082,1673.5597827494091,748161.13441712479,5202106.545032885,4.067252,55.00981791758782,55.011753581532844,1465912413,48.285053,4738112.320612962,124.0,123.77996071907798,47.425050613681378,6.0
